Person.id|language
933|si
933|en
1129|et
1129|en
2199023256684|ml
2199023256684|te
2199023256684|en
4398046512167|es
4398046512167|en
6597069767117|ar
6597069767117|fr
6597069767117|en
10995116278700|en
10995116278700|es
17592186045684|zh
17592186045684|en
21990232556027|ar
21990232556027|en
21990232556585|ur
21990232556585|sd
21990232556585|en
24189255812290|es
24189255812290|en
26388279066636|es
26388279066636|en
28587302322727|en
30786325578904|it
30786325578904|en
2199023256181|ta
2199023256181|gu
2199023256181|en
4398046511870|zh
4398046511870|en
6597069766983|nl
6597069766983|en
8796093023060|ru
8796093023060|en
13194139534485|ru
13194139534485|en
19791209300372|de
19791209300372|en
26388279067350|zh
26388279067350|en
26388279068275|en
28587302322873|da
28587302322873|de
28587302322873|en
30786325578788|de
30786325578788|en
32985348834675|zh
32985348834675|en
8796093023143|en
8796093023461|de
8796093023461|en
13194139533850|ru
13194139533850|pl
13194139533850|en
15393162789992|hi
15393162789992|gu
15393162789992|en
15393162790562|sv
15393162790562|en
17592186044504|zh
17592186044504|en
17592186044810|my
17592186044810|en
19791209300058|vi
19791209300058|en
21990232556714|jv
21990232556714|en
28587302322741|pt
28587302322741|en
32985348833558|de
32985348833558|en
2199023257128|zh
2199023257128|en
4398046512764|fa
4398046512764|en
6597069766961|fr
6597069766961|en
8796093022367|es
8796093022367|ca
8796093022367|en
8796093022641|vi
8796093022641|zh
8796093022641|en
8796093022764|zh
8796093022764|en
8796093023138|ro
8796093023138|en
15393162789410|ru
15393162789410|en
19791209301403|es
19791209301403|en
19791209301577|en
21990232555940|zh
21990232555940|en
24189255811398|es
24189255811398|en
28587302322686|es
28587302322686|en
30786325579136|ar
30786325579136|fr
30786325579136|en
32985348833849|es
32985348833849|ay
32985348833849|en
4398046511463|pt
4398046511463|en
4398046512636|pt
4398046512636|en
6597069766695|ru
6597069766695|en
6597069767625|vi
6597069767625|fr
6597069767625|en
8796093022467|en
8796093022467|ur
13194139533332|ar
13194139533332|wo
13194139533332|en
13194139533589|ar
13194139533589|en
15393162789707|zh
15393162789707|en
21990232556536|ar
21990232556536|fr
21990232556536|en
24189255811694|en
24189255812103|es
24189255812103|en
30786325577812|uk
30786325577812|hu
30786325577812|en
30786325577960|it
30786325577960|fr
30786325577960|en
30786325578795|ja
30786325578795|en
30786325579035|hu
30786325579035|en
30786325579119|en
32985348834262|es
32985348834262|it
32985348834262|en
32985348834823|es
32985348834823|de
32985348834823|en
65|fr
65|mg
65|en
2199023255981|ru
2199023255981|en
2199023256530|fr
2199023256530|en
4398046511535|fr
4398046511535|ha
4398046511535|en
6597069768287|en
10995116278915|zh
10995116278915|en
15393162789569|ar
15393162789569|fr
15393162789569|en
17592186044824|mr
17592186044824|as
17592186044824|en
17592186045865|mr
17592186045865|ta
17592186045865|en
17592186045981|en
19791209300474|vi
19791209300474|en
19791209300739|zh
19791209300739|en
19791209301463|cs
19791209301463|en
21990232556180|en
26388279068269|zh
26388279068269|en
28587302322281|ml
28587302322281|bn
28587302322281|en
28587302322755|zh
28587302322755|en
32985348833679|en
32985348833686|pt
32985348833686|en
1219|fr
1219|en
8796093022290|ru
8796093022290|en
8796093023634|zh
8796093023634|en
15393162789560|ta
15393162789560|ur
15393162789560|en
17592186044532|ta
17592186044532|as
17592186044532|en
17592186044568|zh
17592186044568|en
17592186045583|ro
17592186045583|en
19791209300796|pt
19791209300796|en
21990232556771|nl
21990232556771|en
21990232557176|ar
21990232557176|fr
21990232557176|en
26388279067039|en
30786325578784|zh
30786325578784|en
2199023255747|or
2199023255747|te
2199023255747|en
8796093023215|en
13194139533648|te
13194139533648|en
13194139533912|de
13194139533912|en
13194139534520|pt
13194139534520|en
15393162789226|fa
15393162789226|ku
15393162789226|en
17592186045370|fr
17592186045370|eu
17592186045370|en
17592186045646|es
17592186045646|en
28587302322718|ar
28587302322718|en
30786325578724|ja
30786325578724|en
30786325579394|en
30786325579394|ur
2199023256405|ml
2199023256405|gu
2199023256405|en
2199023256919|jv
2199023256919|en
6597069768005|en
10995116278292|de
10995116278292|en
10995116278973|it
10995116278973|de
10995116278973|en
10995116279272|ja
10995116279272|en
13194139534836|es
13194139534836|en
17592186046041|ar
17592186046041|en
19791209301138|zh
19791209301138|en
21990232555627|ru
21990232555627|kk
21990232555627|en
21990232556947|en
24189255812755|pt
24189255812755|en
28587302322627|en
893|zh
893|en
2199023256689|hu
2199023256689|en
6597069767495|en
10995116277924|de
10995116277924|en
13194139534927|ja
13194139534927|en
15393162790078|jv
15393162790078|en
19791209300852|zh
19791209300852|en
21990232555895|vi
21990232555895|fr
21990232555895|en
21990232556476|es
21990232556476|qu
21990232556476|en
30786325579215|en
30786325579215|ar
32985348833559|vi
32985348833559|fr
32985348833559|en
32985348834096|zh
32985348834096|en
4398046512267|my
4398046512267|en
4398046512578|pt
4398046512578|en
6597069767747|my
6597069767747|en
8796093023613|en
10995116278281|fa
10995116278281|en
10995116278453|en
10995116278453|es
10995116278785|uk
10995116278785|ro
10995116278785|en
13194139534569|ar
13194139534569|en
13194139534853|en
13194139534853|sd
15393162789103|es
15393162789103|en
15393162789349|tr
15393162789349|ku
15393162789349|en
19791209300631|ml
19791209300631|or
19791209300631|en
19791209301229|pt
19791209301229|en
24189255812580|es
24189255812580|en
28587302323655|de
28587302323655|en
30786325578056|ar
30786325578056|en
30786325579148|en
30786325579148|es
555|zh
555|en
1434|pl
1434|en
2199023256403|gu
2199023256403|mr
2199023256403|en
4398046511628|ro
4398046511628|en
13194139533460|zh
13194139533460|en
13194139533792|en
13194139533792|tl
13194139534257|pt
13194139534257|en
17592186044519|ru
17592186044519|kk
17592186044519|en
19791209300124|uk
19791209300124|pl
19791209300124|en
21990232555753|en
21990232555753|th
24189255811862|fr
24189255811862|ln
24189255811862|en
24189255812574|en
24189255812574|tl
24189255812733|es
24189255812733|en
30786325578144|ru
30786325578144|en
30786325578231|my
30786325578231|en
2199023255869|fr
2199023255869|en
4398046511154|zh
4398046511154|en
4398046512637|es
4398046512637|en
8796093022386|th
8796093022386|zh
8796093022386|en
8796093023506|en
8796093023506|sd
13194139533523|en
13194139534332|ur
13194139534332|te
13194139534332|en
15393162788865|en
15393162788865|fr
17592186044605|zh
17592186044605|en
24189255811103|de
24189255811103|en
24189255811719|ar
24189255811719|en
24189255811782|zh
24189255811782|en
24189255812105|zh
24189255812105|en
26388279066717|es
26388279066717|en
26388279066958|vi
26388279066958|zh
26388279066958|en
26388279067671|es
26388279067671|en
28587302323020|vi
28587302323020|fr
28587302323020|en
2199023256300|fr
2199023256300|en
6597069766964|de
6597069766964|en
6597069768050|zh
6597069768050|en
8796093022392|vi
8796093022392|fr
8796093022392|en
8796093022423|ne
8796093022423|en
10995116278554|zh
10995116278554|en
10995116278570|zh
10995116278570|en
13194139533432|nl
13194139533432|en
13194139534384|en
13194139534384|ny
15393162790101|zh
15393162790101|en
17592186045019|ja
17592186045019|en
17592186045074|ml
17592186045074|ta
17592186045074|en
19791209301454|kk
19791209301454|en
21990232556497|ko
21990232556497|en
30786325578670|en
32985348834776|zh
32985348834776|en
1103|tr
1103|en
2199023256363|en
4398046511937|ru
4398046511937|en
6597069766725|ja
6597069766725|en
6597069767686|es
6597069767686|en
10995116277820|de
10995116277820|en
10995116278238|ru
10995116278238|en
13194139533618|zh
13194139533618|en
13194139534803|en
13194139534816|tk
13194139534816|en
13194139534982|pt
13194139534982|en
17592186045360|de
17592186045360|en
19791209300625|pt
19791209300625|en
19791209301201|ar
19791209301201|en
21990232557038|zh
21990232557038|en
24189255811654|en
24189255811654|tl
24189255811940|as
24189255811940|ur
24189255811940|en
26388279067627|zh
26388279067627|ta
26388279067627|en
28587302322372|hu
28587302322372|en
32985348834019|en
2199023255660|ne
2199023255660|en
6597069768324|fr
6597069768324|ha
6597069768324|en
8796093022634|en
8796093022634|tl
8796093023519|ay
8796093023519|en
15393162789262|ar
15393162789262|en
21990232556725|zh
21990232556725|en
4398046511338|mi
4398046511338|en
4398046512338|gu
4398046512338|bn
4398046512338|en
10995116278300|zh
10995116278300|en
10995116279437|es
10995116279437|en
15393162789746|fa
15393162789746|ku
15393162789746|en
15393162789923|be
15393162789923|en
15393162789932|my
15393162789932|en
15393162790207|es
15393162790207|en
17592186044864|zh
17592186044864|en
17592186045340|as
17592186045340|hi
17592186045340|en
19791209300370|ur
19791209300370|gu
19791209300370|en
21990232555889|zh
21990232555889|en
24189255811086|fa
24189255811086|ku
24189255811086|en
26388279067813|zh
26388279067813|en
26388279068053|pt
26388279068053|en
26388279068206|my
26388279068206|en
30786325579016|en
30786325579247|hi
30786325579247|en
512|zh
512|en
1269|kn
1269|ml
1269|en
10995116279039|nl
10995116279039|en
13194139533909|zh
13194139533909|en
26388279067512|hi
26388279067512|as
26388279067512|en
26388279067871|zh
26388279067871|en
28587302322515|ar
28587302322515|fr
28587302322515|en
28587302323673|ko
28587302323673|en
30786325579003|en
32985348833314|es
32985348833314|en
32985348834004|te
32985348834004|ta
32985348834004|en
32985348834943|ar
32985348834943|en
407|en
1573|ar
1573|en
2199023255637|zh
2199023255637|en
4398046511152|nl
4398046511152|en
4398046512356|zh
4398046512356|en
6597069767067|en
6597069767377|gu
6597069767377|kn
6597069767377|en
6597069767708|fr
6597069767708|en
10995116278981|ur
10995116278981|hi
10995116278981|en
13194139534593|zh
13194139534593|en
17592186045748|en
19791209301284|uk
19791209301284|ro
19791209301284|en
19791209301529|as
19791209301529|bn
19791209301529|en
21990232556166|bn
21990232556166|ta
21990232556166|en
24189255811234|ar
24189255811234|en
24189255812364|zh
24189255812364|vi
24189255812364|en
26388279067147|fa
26388279067147|tr
26388279067147|en
28587302322809|zh
28587302322809|en
32985348834360|my
32985348834360|en
1242|sv
1242|fi
1242|en
4398046511884|jv
4398046511884|en
8796093022409|uk
8796093022409|hu
8796093022409|en
13194139534382|en
13194139534382|jv
13194139534624|zh
13194139534624|en
15393162790472|es
15393162790472|en
19791209300151|ja
19791209300151|en
19791209301239|zh
19791209301239|en
26388279068176|zh
26388279068176|en
26388279068264|mr
26388279068264|ml
26388279068264|en
32985348833887|zh
32985348833887|en
32985348834530|mg
32985348834530|en
32985348834919|bn
32985348834919|ur
32985348834919|en
102|mg
102|en
987|fr
987|en
2199023256609|es
2199023256609|en
4398046511467|ar
4398046511467|en
4398046512201|es
4398046512201|en
4398046512759|gu
4398046512759|ml
4398046512759|en
6597069766938|mg
6597069766938|fr
6597069766938|en
8796093022368|en
13194139534340|sk
13194139534340|en
15393162790090|ny
15393162790090|to
15393162790090|en
19791209300787|qu
19791209300787|en
21990232556621|as
21990232556621|ta
21990232556621|en
24189255811817|ur
24189255811817|hi
24189255811817|en
26388279067771|ta
26388279067771|en
32985348833931|tk
32985348833931|en
32985348834873|fr
32985348834873|ca
32985348834873|en
32985348834930|ml
32985348834930|bn
32985348834930|en
367|or
367|ml
367|en
465|zh
465|en
1355|zh
1355|en
2199023257072|es
2199023257072|en
10995116278730|zh
10995116278730|en
13194139533817|ur
13194139533817|sd
13194139533817|en
15393162789401|en
15393162790400|pt
15393162790400|en
17592186045976|ta
17592186045976|te
17592186045976|en
19791209299993|it
19791209299993|de
19791209299993|en
19791209300961|zh
19791209300961|en
24189255811455|en
24189255811906|en
24189255811906|nl
26388279067532|en
26388279067532|ar
28587302322431|de
28587302322431|en
32985348834013|es
32985348834013|en
8796093022647|en
8796093022909|lo
8796093022909|en
10995116279227|te
10995116279227|kn
10995116279227|en
15393162789112|es
15393162789112|en
17592186045005|en
19791209300143|zh
19791209300143|en
21990232556491|zh
21990232556491|en
24189255811746|en
24189255811746|ar
26388279066738|vi
26388279066738|en
26388279066989|zh
26388279066989|en
28587302322553|en
28587302322565|es
28587302322565|en
318|mg
318|en
2199023255558|zh
2199023255558|en
2199023256593|ur
2199023256593|ta
2199023256593|en
4398046511734|pt
4398046511734|en
4398046511962|hu
4398046511962|en
4398046512720|ur
4398046512720|en
10995116279125|fr
10995116279125|en
15393162789489|nl
15393162789489|en
17592186045739|ml
17592186045739|kn
17592186045739|en
21990232555586|bn
21990232555586|mr
21990232555586|en
21990232556410|en
21990232556410|nl
21990232556826|zh
21990232556826|en
21990232556900|pt
21990232556900|en
24189255811155|ru
24189255811155|en
24189255811164|fr
24189255811164|en
24189255812662|ja
24189255812662|en
238|tr
238|ku
238|en
2199023256277|en
4398046512603|ja
4398046512603|en
6597069768305|sv
6597069768305|en
17592186044494|hu
17592186044494|en
17592186045693|zh
17592186045693|en
28587302323431|nl
28587302323431|en
30786325578568|es
30786325578568|en
32985348833546|sv
32985348833546|fi
32985348833546|en
4398046512221|hu
4398046512221|en
4398046512568|ja
4398046512568|en
4398046512737|ru
4398046512737|en
4398046512766|ru
4398046512766|en
6597069766693|zh
6597069766693|en
6597069766846|tk
6597069766846|en
8796093022325|de
8796093022325|fr
8796093022325|en
10995116278031|de
10995116278031|en
10995116278234|gu
10995116278234|ur
10995116278234|en
10995116279040|ja
10995116279040|en
13194139534185|sv
13194139534185|en
15393162788922|en
15393162788922|ml
15393162789792|te
15393162789792|as
15393162789792|en
21990232555934|te
21990232555934|bn
21990232555934|en
24189255811099|pl
24189255811099|en
28587302323642|ml
28587302323642|kn
28587302323642|en
32985348833536|fr
32985348833536|ca
32985348833536|en
32985348834523|ml
32985348834523|ur
32985348834523|en
1148|es
1148|en
2199023256298|my
2199023256298|en
6597069768211|en
8796093022938|ml
8796093022938|or
8796093022938|en
8796093023577|de
8796093023577|en
10995116278264|gu
10995116278264|ml
10995116278264|en
10995116278320|ar
10995116278320|fr
10995116278320|en
13194139533533|zh
13194139533533|en
17592186045551|en
17592186045551|ur
19791209300463|zh
19791209300463|en
24189255811315|tr
24189255811315|en
28587302322250|ur
28587302322250|te
28587302322250|en
28587302322865|en
30786325578711|nl
30786325578711|en
35184372089981|es
35184372089981|en
4398046511779|en
4398046511779|cy
4398046512362|zh
4398046512362|en
6597069768087|en
6597069768087|sd
8796093023560|ur
8796093023560|hi
8796093023560|en
10995116278468|sv
10995116278468|fi
10995116278468|en
13194139533584|ml
13194139533584|or
13194139533584|en
13194139534279|en
15393162789009|es
15393162789009|en
19791209300882|pt
19791209300882|en
28587302322247|fr
28587302322247|en
35184372090192|en
1079|en
1079|ur
6597069767061|zh
6597069767061|en
10995116279167|ny
10995116279167|en
13194139533505|zh
13194139533505|en
15393162789987|vi
15393162789987|fr
15393162789987|en
17592186044868|zh
17592186044868|en
21990232556482|zh
21990232556482|en
24189255811254|tr
24189255811254|ku
24189255811254|en
32985348833548|kk
32985348833548|ru
32985348833548|en
4398046511593|en
6597069766659|ru
6597069766659|en
6597069767398|fr
6597069767398|en
13194139534578|ur
13194139534578|or
13194139534578|en
15393162789249|te
15393162789249|ta
15393162789249|en
17592186044857|zh
17592186044857|en
19791209300608|es
19791209300608|en
21990232556220|ny
21990232556220|to
21990232556220|en
26388279067571|ne
26388279067571|en
26388279068186|de
26388279068186|en
28587302322308|en
32985348833865|zh
32985348833865|en
32985348833890|ar
32985348833890|en
32985348834053|es
32985348834053|en
32985348834824|zh
32985348834824|en
378|de
378|en
1222|en
2199023256437|de
2199023256437|en
4398046511424|en
4398046511424|es
4398046512376|fr
4398046512376|en
8796093022492|en
8796093023133|es
8796093023133|qu
8796093023133|en
10995116277765|my
10995116277765|en
15393162789983|zh
15393162789983|en
21990232556010|hi
21990232556010|ur
21990232556010|en
21990232556299|nl
21990232556299|en
26388279067358|zh
26388279067358|en
26388279067551|or
26388279067551|bn
26388279067551|en
28587302323281|ko
28587302323281|en
30786325578988|en
30786325578988|af
35184372089323|pt
35184372089323|en
2199023256049|ta
2199023256049|hi
2199023256049|en
4398046511587|zh
4398046511587|ar
4398046511587|en
6597069767415|my
6597069767415|en
13194139533834|kn
13194139533834|ur
13194139533834|en
15393162789093|es
15393162789093|en
15393162789604|en
15393162789604|jv
17592186045572|fr
17592186045572|en
17592186045862|zh
17592186045862|en
21990232555611|te
21990232555611|as
21990232555611|en
21990232556897|en
28587302322294|fr
28587302322294|co
28587302322294|en
30786325577752|zh
30786325577752|en
30786325578617|en
30786325578617|tl
976|ur
976|ta
976|en
2199023256236|zh
2199023256236|en
4398046512573|en
6597069766733|de
6597069766733|en
8796093022297|kn
8796093022297|en
8796093023679|bn
8796093023679|kn
8796093023679|en
13194139533391|pt
13194139533391|en
13194139533757|fa
13194139533757|ku
13194139533757|en
19791209300178|zh
19791209300178|en
24189255811227|fr
24189255811227|wo
24189255811227|en
24189255812053|my
24189255812053|en
26388279066936|zh
26388279066936|en
1184|es
1184|gl
1184|en
2199023256427|te
2199023256427|kn
2199023256427|en
8796093022983|zh
8796093022983|en
13194139534142|gu
13194139534142|en
15393162789228|af
15393162789228|en
15393162790096|es
15393162790096|en
17592186045133|gu
17592186045133|en
17592186045567|es
17592186045567|en
17592186045945|fr
17592186045945|mg
17592186045945|en
19791209300595|ur
19791209300595|en
19791209301252|en
19791209301252|th
24189255812629|zh
24189255812629|en
26388279067560|mg
26388279067560|fr
26388279067560|en
26388279067849|pt
26388279067849|en
26388279068195|pt
26388279068195|en
28587302322950|fr
28587302322950|en
28587302323577|ru
28587302323577|uk
28587302323577|en
30786325579330|de
30786325579330|en
32985348834961|es
32985348834961|en
2199023256031|es
2199023256031|en
2199023256742|zh
2199023256742|en
4398046511757|my
4398046511757|en
6597069766678|ja
6597069766678|en
6597069766944|fa
6597069766944|tr
6597069766944|en
8796093023522|nl
8796093023522|en
8796093023866|ar
8796093023866|en
10995116278142|fr
10995116278142|en
13194139533574|ar
13194139533574|en
15393162789189|cs
15393162789189|sk
15393162789189|en
15393162790221|fr
15393162790221|ca
15393162790221|en
17592186044551|or
17592186044551|ur
17592186044551|en
21990232555851|ar
21990232555851|en
24189255812587|hu
24189255812587|en
28587302322616|mg
28587302322616|en
28587302322760|ru
28587302322760|en
30786325579063|de
30786325579063|en
32985348834735|es
32985348834735|en
454|de
454|en
2199023256576|or
2199023256576|ur
2199023256576|en
4398046512306|zh
4398046512306|en
6597069766821|gu
6597069766821|ta
6597069766821|en
8796093022611|zh
8796093022611|en
8796093023897|zh
8796093023897|en
10995116279144|fr
10995116279144|mg
10995116279144|en
15393162789514|or
15393162789514|ml
15393162789514|en
21990232555639|zh
21990232555639|en
24189255811574|es
24189255811574|en
26388279067708|zh
26388279067708|en
28587302322814|ru
28587302322814|en
28587302323296|nl
28587302323296|en
35184372089375|sk
35184372089375|en
94|ta
94|hi
94|en
1182|ml
1182|te
1182|en
2199023255922|or
2199023255922|gu
2199023255922|en
4398046511389|en
4398046511389|vi
4398046511596|zh
4398046511596|en
8796093022661|ur
8796093022661|kn
8796093022661|en
8796093022887|zh
8796093022887|en
15393162789219|en
17592186044425|az
17592186044425|ru
17592186044425|en
19791209299984|pl
19791209299984|en
19791209300147|zh
19791209300147|en
24189255811381|ta
24189255811381|si
24189255811381|en
24189255811677|nl
24189255811677|en
24189255812374|fr
24189255812374|en
26388279067047|ru
26388279067047|kk
26388279067047|en
28587302322631|af
28587302322631|en
28587302323591|ur
28587302323591|sd
28587302323591|en
32985348834107|sr
32985348834107|bs
32985348834107|en
1509|ru
1509|en
8796093022410|en
8796093022928|zh
8796093022928|en
8796093023539|nl
8796093023539|en
10995116278291|de
10995116278291|en
17592186045096|en
17592186045096|tl
19791209301540|bn
19791209301540|en
26388279066869|zh
26388279066869|en
28587302322817|pl
28587302322817|en
30786325578057|en
30786325578057|ar
30786325578676|cs
30786325578676|sk
30786325578676|en
32985348833313|ar
32985348833313|fr
32985348833313|en
1161|zh
1161|en
2199023256388|pt
2199023256388|en
4398046511684|ar
4398046511684|en
8796093022963|zh
8796093022963|en
13194139534916|uk
13194139534916|ro
13194139534916|en
17592186045093|ur
17592186045093|en
17592186045382|sk
17592186045382|cs
17592186045382|en
19791209300004|ml
19791209300004|bn
19791209300004|en
19791209300167|en
19791209300167|ur
19791209301332|es
19791209301332|en
21990232556811|pt
21990232556811|en
24189255811358|ur
24189255811358|en
24189255811643|en
24189255812756|ur
24189255812756|ta
24189255812756|en
26388279066791|te
26388279066791|ta
26388279066791|en
32985348833995|ta
32985348833995|as
32985348833995|en
32985348834329|de
32985348834329|en
459|ne
459|en
2199023255663|zh
2199023255663|en
4398046512349|en
8796093022665|ru
8796093022665|en
10995116278113|zh
10995116278113|en
10995116278647|fr
10995116278647|ha
10995116278647|en
19791209300851|zh
19791209300851|en
19791209301054|pt
19791209301054|en
21990232556472|ur
21990232556472|sd
21990232556472|en
21990232557143|kn
21990232557143|te
21990232557143|en
26388279067585|ro
26388279067585|en
26388279067669|pt
26388279067669|en
28587302323441|ru
28587302323441|en
28587302323592|es
28587302323592|en
28587302323606|ml
28587302323606|ur
28587302323606|en
30786325578513|ne
30786325578513|en
30786325579109|ar
30786325579109|it
30786325579109|en
2199023255936|az
2199023255936|ru
2199023255936|en
2199023257206|ar
2199023257206|en
10995116278396|zh
10995116278396|en
13194139534668|ro
13194139534668|en
15393162788906|ar
15393162788906|fr
15393162788906|en
15393162790062|ne
15393162790062|en
17592186045168|fr
17592186045168|en
19791209300081|hi
19791209300081|ta
19791209300081|en
19791209300793|vi
19791209300793|en
19791209300814|or
19791209300814|as
19791209300814|en
21990232555683|ar
21990232555683|fr
21990232555683|en
26388279067695|ro
26388279067695|hu
26388279067695|en
250|ml
250|as
250|en
1490|en
2199023256552|ro
2199023256552|hu
2199023256552|en
2199023256566|jv
2199023256566|en
4398046512194|es
4398046512194|en
4398046512521|ar
4398046512521|fr
4398046512521|en
6597069767184|es
6597069767184|en
8796093022445|zh
8796093022445|en
8796093023000|zh
8796093023000|en
8796093023813|ur
8796093023813|mr
8796093023813|en
8796093023907|ja
8796093023907|en
10995116277907|ur
10995116277907|bn
10995116277907|en
15393162790365|fr
15393162790365|br
15393162790365|en
19791209300443|ru
19791209300443|en
21990232556433|en
24189255811801|fr
24189255811801|en
26388279067472|de
26388279067472|en
26388279067478|zh
26388279067478|en
28587302322753|fr
28587302322753|ha
28587302322753|en
28587302323054|pt
28587302323054|en
30786325578585|en
30786325578585|ur
1690|ar
1690|fr
1690|en
2199023255817|en
2199023255817|th
2199023255855|en
4398046512206|es
4398046512206|en
4398046512532|vi
4398046512532|zh
4398046512532|en
4398046512649|de
4398046512649|en
8796093022582|pt
8796093022582|en
10995116279328|en
13194139534652|pt
13194139534652|en
15393162790347|ar
15393162790347|en
17592186044461|fr
17592186044461|ha
17592186044461|en
17592186045896|de
17592186045896|en
17592186046016|zh
17592186046016|en
19791209300483|en
19791209300483|sd
21990232555834|en
21990232555834|tl
24189255811275|zh
24189255811275|en
26388279067906|en
28587302322286|es
28587302322286|en
30786325578088|kn
30786325578088|ur
30786325578088|en
30786325578383|or
30786325578383|en
1050|az
1050|hy
1050|en
1274|es
1274|en
2199023257063|fr
2199023257063|ln
2199023257063|en
4398046511396|uz
4398046511396|tk
4398046511396|en
8796093022749|en
8796093022749|jv
8796093022789|es
8796093022789|en
10995116278541|es
10995116278541|eu
10995116278541|en
13194139533984|nl
13194139533984|en
13194139534154|ml
13194139534154|mr
13194139534154|en
13194139534730|es
13194139534730|de
13194139534730|en
15393162789529|as
15393162789529|te
15393162789529|en
19791209300405|ro
19791209300405|en
24189255812765|hu
24189255812765|en
28587302323035|hi
28587302323035|or
28587302323035|en
30786325578292|en
30786325578525|zh
30786325578525|en
32985348834092|ro
32985348834092|en
2199023256459|es
2199023256459|en
2199023256668|pt
2199023256668|en
6597069767013|vi
6597069767013|zh
6597069767013|en
6597069767300|en
10995116278869|ar
10995116278869|en
10995116279006|zh
10995116279006|en
15393162789578|ta
15393162789578|as
15393162789578|en
19791209300021|en
19791209301374|en
21990232556141|vi
21990232556141|fr
21990232556141|en
26388279066868|es
26388279066868|en
26388279067952|zh
26388279067952|en
28587302322499|fr
28587302322499|en
30786325578747|zh
30786325578747|en
32985348834718|or
32985348834718|ur
32985348834718|en
32985348834867|to
32985348834867|en
1481|ja
1481|en
6597069768129|es
6597069768129|en
8796093023493|as
8796093023493|mr
8796093023493|en
13194139534191|zh
13194139534191|en
15393162789696|es
15393162789696|en
15393162789787|ru
15393162789787|en
15393162789933|ro
15393162789933|en
17592186045512|ja
17592186045512|en
17592186045528|ja
17592186045528|en
30786325577992|sv
30786325577992|fi
30786325577992|en
30786325578060|zh
30786325578060|en
2199023255953|de
2199023255953|en
6597069767464|gu
6597069767464|mr
6597069767464|en
6597069767470|fr
6597069767470|en
8796093022541|en
10995116278652|gu
10995116278652|kn
10995116278652|en
13194139534354|cs
13194139534354|en
15393162789850|vi
15393162789850|fr
15393162789850|en
15393162789951|ar
15393162789951|fr
15393162789951|en
17592186044686|ar
17592186044686|fr
17592186044686|en
24189255811707|zh
24189255811707|en
24189255812361|en
26388279067183|te
26388279067183|en
26388279068296|bg
26388279068296|en
30786325577774|es
30786325577774|en
30786325578794|ja
30786325578794|en
32985348834625|mg
32985348834625|fr
32985348834625|en
1160|vi
1160|fr
1160|en
1549|ur
1549|ta
1549|en
2199023256472|es
2199023256472|de
2199023256472|en
10995116278980|pt
10995116278980|en
13194139534141|en
13194139534141|ar
13194139534684|en
13194139534684|ny
15393162788893|zh
15393162788893|en
15393162790510|ur
15393162790510|en
21990232555617|ta
21990232555617|mr
21990232555617|en
21990232556962|zh
21990232556962|en
24189255812639|ru
24189255812639|uk
24189255812639|en
26388279066664|pt
26388279066664|en
30786325578286|fr
30786325578286|en
1564|pt
1564|en
6597069767433|en
6597069767433|ny
15393162790005|te
15393162790005|bn
15393162790005|en
17592186045334|en
19791209300020|ja
19791209300020|en
19791209301290|ja
19791209301290|en
19791209301563|te
19791209301563|ml
19791209301563|en
21990232555658|en
21990232555658|tl
21990232556469|vi
21990232556469|zh
21990232556469|en
21990232556605|te
21990232556605|or
21990232556605|en
26388279068009|pa
26388279068009|en
26388279068150|uk
26388279068150|en
32985348834326|uk
32985348834326|ro
32985348834326|en
267|jv
267|en
2199023256097|de
2199023256097|en
2199023257232|vi
2199023257232|en
4398046511163|hi
4398046511163|kn
4398046511163|en
4398046511700|ar
4398046511700|fr
4398046511700|en
4398046512162|tk
4398046512162|en
6597069767226|ta
6597069767226|as
6597069767226|en
10995116277995|jv
10995116277995|nl
10995116277995|en
13194139533320|tk
13194139533320|en
13194139533366|mr
13194139533366|as
13194139533366|en
13194139533653|ur
13194139533653|ml
13194139533653|en
15393162789699|hi
15393162789699|or
15393162789699|en
17592186045813|zh
17592186045813|en
19791209300479|zh
19791209300479|en
26388279068074|zh
26388279068074|en
28587302323193|fr
28587302323193|ca
28587302323193|en
30786325578194|mr
30786325578194|bn
30786325578194|en
32985348834027|gu
32985348834027|bn
32985348834027|en
32985348834174|uk
32985348834174|en
2199023255685|ru
2199023255685|en
2199023256081|en
2199023256081|tl
4398046511395|or
4398046511395|as
4398046511395|en
4398046511822|zh
4398046511822|en
4398046512548|ru
4398046512548|en
8796093023034|pt
8796093023034|en
10995116277882|ta
10995116277882|or
10995116277882|en
13194139534420|be
13194139534420|uk
13194139534420|en
13194139534938|ru
13194139534938|en
15393162789081|it
15393162789081|de
15393162789081|en
15393162789162|my
15393162789162|en
15393162790014|es
15393162790014|en
17592186044691|zh
17592186044691|en
19791209300326|es
19791209300326|en
21990232556882|or
21990232556882|ta
21990232556882|en
28587302322527|ja
28587302322527|en
30786325579101|en
939|ay
939|qu
939|en
2199023257226|sv
2199023257226|en
4398046512002|zh
4398046512002|en
6597069768080|es
6597069768080|qu
6597069768080|en
8796093023296|vi
8796093023296|fr
8796093023296|en
13194139534376|zh
13194139534376|en
13194139534721|fr
13194139534721|en
13194139534862|en
13194139534862|fr
17592186045891|th
17592186045891|en
19791209300973|en
19791209300973|es
19791209301168|ro
19791209301168|en
19791209301475|hi
19791209301475|ta
19791209301475|en
26388279066848|ur
26388279066848|as
26388279066848|en
26388279067086|uz
26388279067086|tk
26388279067086|en
26388279068081|zh
26388279068081|en
28587302322790|hu
28587302322790|en
28587302323291|fr
28587302323291|de
28587302323291|en
30786325579397|vi
30786325579397|en
32985348833315|ur
32985348833315|en
2199023256456|ml
2199023256456|hi
2199023256456|en
2199023257034|ar
2199023257034|en
4398046511117|tr
4398046511117|en
6597069767551|zh
6597069767551|en
6597069767620|ml
6597069767620|as
6597069767620|en
10995116279387|es
10995116279387|en
13194139533433|uk
13194139533433|ro
13194139533433|en
13194139533859|pt
13194139533859|en
19791209299986|en
19791209299986|af
19791209301132|es
19791209301132|de
19791209301132|en
24189255812045|ru
24189255812045|en
24189255812607|ja
24189255812607|en
28587302322288|kn
28587302322288|gu
28587302322288|en
28587302322737|zh
28587302322737|en
28587302322763|zh
28587302322763|en
30786325578455|pt
30786325578455|en
35184372088899|en
2199023255760|ar
2199023255760|en
2199023256718|es
2199023256718|en
10995116278268|ar
10995116278268|en
10995116279193|zh
10995116279193|en
10995116279270|bn
10995116279270|ur
10995116279270|en
15393162789214|fr
15393162789214|ha
15393162789214|en
15393162790398|vi
15393162790398|en
17592186045679|zh
17592186045679|en
21990232556982|es
21990232556982|en
24189255811500|en
24189255811778|or
24189255811778|kn
24189255811778|en
28587302322256|ur
28587302322256|en
32985348834301|vi
32985348834301|en
32985348834536|zh
32985348834536|en
32985348834575|fr
32985348834575|wo
32985348834575|en
32985348834937|es
32985348834937|en
619|de
619|en
4398046511667|as
4398046511667|hi
4398046511667|en
10995116278033|ar
10995116278033|en
15393162789174|es
15393162789174|en
15393162789653|ru
15393162789653|en
19791209300068|es
19791209300068|en
19791209300507|ru
19791209300507|pl
19791209300507|en
21990232556997|fr
21990232556997|mg
21990232556997|en
24189255812006|kn
24189255812006|or
24189255812006|en
24189255812685|es
24189255812685|en
26388279067805|zh
26388279067805|en
28587302323191|bn
28587302323191|mr
28587302323191|en
30786325577834|pt
30786325577834|en
30786325577980|af
30786325577980|en
32985348833653|es
32985348833653|en
668|fr
668|en
2199023256178|ja
2199023256178|en
2199023256452|vi
2199023256452|en
2199023256893|en
4398046511763|cs
4398046511763|sk
4398046511763|en
10995116278350|uz
10995116278350|en
10995116278799|hi
10995116278799|ta
10995116278799|en
10995116278966|es
10995116278966|en
10995116279452|fa
10995116279452|en
13194139534267|en
15393162788965|de
15393162788965|en
15393162789614|he
15393162789614|en
17592186044731|ar
17592186044731|en
19791209301605|nl
19791209301605|en
21990232555987|es
21990232555987|en
21990232556344|qu
21990232556344|es
21990232556344|en
21990232556508|gu
21990232556508|bn
21990232556508|en
21990232556886|ay
21990232556886|es
21990232556886|en
21990232557097|az
21990232557097|ru
21990232557097|en
24189255811776|ur
24189255811776|sd
24189255811776|en
24189255812268|ar
24189255812268|en
26388279067498|en
26388279067534|pt
26388279067534|en
26388279068069|hu
26388279068069|en
28587302322689|en
2199023256233|es
2199023256233|en
6597069767575|ar
6597069767575|en
6597069768070|nl
6597069768070|de
6597069768070|en
6597069768078|fr
6597069768078|ha
6597069768078|en
10995116279159|en
10995116279159|es
13194139533331|en
13194139533331|to
15393162789760|vi
15393162789760|en
15393162790289|zh
15393162790289|en
15393162790395|en
21990232555801|zh
21990232555801|en
21990232557079|zh
21990232557079|en
24189255811887|zh
24189255811887|en
24189255811922|or
24189255811922|en
26388279068077|zh
26388279068077|en
28587302323661|zh
28587302323661|en
30786325579222|zh
30786325579222|en
32985348834171|th
32985348834171|en
2199023256077|fr
2199023256077|en
2199023256536|en
4398046512733|gu
4398046512733|en
10995116278757|zh
10995116278757|en
15393162789953|ur
15393162789953|ta
15393162789953|en
19791209300324|de
19791209300324|en
19791209301471|en
19791209301519|te
19791209301519|hi
19791209301519|en
26388279067618|or
26388279067618|as
26388279067618|en
28587302322471|en
30786325577859|ja
30786325577859|en
30786325578258|ar
30786325578258|en
143|fr
143|en
4398046511290|fr
4398046511290|de
4398046511290|en
4398046512440|et
4398046512440|ru
4398046512440|en
8796093023893|or
8796093023893|ur
8796093023893|en
10995116279192|gu
10995116279192|ta
10995116279192|en
13194139534076|pt
13194139534076|en
15393162789010|zh
15393162789010|en
17592186044459|ml
17592186044459|mr
17592186044459|en
17592186044732|vi
17592186044732|fr
17592186044732|en
19791209300831|fr
19791209300831|en
21990232555531|zh
21990232555531|en
24189255812380|pt
24189255812380|en
30786325578029|pt
30786325578029|en
30786325579121|en
30786325579121|jv
2199023256347|hi
2199023256347|ta
2199023256347|en
6597069766797|zh
6597069766797|en
6597069767572|en
6597069767572|sd
8796093023291|en
10995116278184|hi
10995116278184|or
10995116278184|en
10995116278873|es
10995116278873|en
15393162789274|pt
15393162789274|en
15393162790303|as
15393162790303|or
15393162790303|en
15393162790411|ja
15393162790411|en
17592186044897|es
17592186044897|en
19791209301286|ro
19791209301286|en
19791209301294|fo
19791209301294|en
26388279066931|mg
26388279066931|en
28587302323211|ur
28587302323211|sd
28587302323211|en
772|en
6597069767868|es
6597069767868|en
10995116278636|en
17592186045089|sv
17592186045089|fi
17592186045089|en
19791209300359|de
19791209300359|en
19791209300990|zh
19791209300990|en
19791209301546|kn
19791209301546|ur
19791209301546|en
24189255811726|it
24189255811726|vi
24189255811726|en
24189255812657|zh
24189255812657|en
26388279067051|ur
26388279067051|en
28587302322327|tk
28587302322327|uz
28587302322327|en
28587302323722|pt
28587302323722|en
30786325578109|hi
30786325578109|as
30786325578109|en
30786325578224|en
32985348833537|tr
32985348833537|en
32985348834284|en
32985348834284|tl
1276|en
1276|fr
2199023256520|zh
2199023256520|en
6597069766870|th
6597069766870|en
6597069767755|fr
6597069767755|en
10995116278259|ml
10995116278259|kn
10995116278259|en
10995116278566|ar
10995116278566|fr
10995116278566|en
13194139533344|es
13194139533344|en
13194139534410|es
13194139534410|en
19791209300761|ro
19791209300761|en
26388279067635|ur
26388279067635|en
26388279067734|zh
26388279067734|en
30786325577877|en
30786325578316|to
30786325578316|en
30786325579380|fr
30786325579380|en
32985348833579|de
32985348833579|en
985|ta
985|te
985|en
1125|uz
1125|tk
1125|en
2199023256881|ar
2199023256881|en
6597069768154|zh
6597069768154|en
6597069768236|zh
6597069768236|en
19791209300656|en
19791209300656|tl
19791209300830|fr
19791209300830|nl
19791209300830|en
19791209300839|ja
19791209300839|en
21990232555850|ru
21990232555850|kk
21990232555850|en
24189255811312|ur
24189255811312|sd
24189255811312|en
24189255811566|en
24189255812446|ur
24189255812446|en
26388279067897|zh
26388279067897|en
28587302323862|fr
28587302323862|en
1131|mr
1131|ur
1131|en
2199023256086|en
2199023256086|fr
2199023256321|fr
2199023256321|en
4398046511845|zh
4398046511845|en
6597069767125|vi
6597069767125|zh
6597069767125|en
10995116278269|es
10995116278269|de
10995116278269|en
13194139533427|zh
13194139533427|en
13194139533535|or
13194139533535|bn
13194139533535|en
13194139534234|zh
13194139534234|en
17592186044991|zh
17592186044991|en
19791209300402|tr
19791209300402|en
24189255811876|es
24189255811876|en
26388279066764|en
28587302323579|ja
28587302323579|en
28587302323597|zh
28587302323597|en
30786325578485|zh
30786325578485|en
30786325578938|zh
30786325578938|en
32985348834519|uz
32985348834519|en
35184372089012|ar
35184372089012|en
8796093022438|vi
8796093022438|en
8796093022574|ar
8796093022574|en
8796093022765|te
8796093022765|bn
8796093022765|en
8796093023199|zh
8796093023199|en
8796093023903|en
15393162790022|zh
15393162790022|en
19791209300845|en
19791209301621|en
19791209301621|ur
21990232555692|pt
21990232555692|en
21990232556713|ru
21990232556713|en
21990232556988|hr
21990232556988|it
21990232556988|en
24189255812669|en
24189255812669|sd
26388279067066|zh
26388279067066|en
30786325578362|es
30786325578362|en
32985348834064|uk
32985348834064|ro
32985348834064|en
32985348834682|ro
32985348834682|hu
32985348834682|en
4398046511712|en
4398046512387|gu
4398046512387|mr
4398046512387|en
4398046512527|de
4398046512527|en
17592186045604|pt
17592186045604|en
19791209301023|zh
19791209301023|en
24189255812226|bn
24189255812226|mr
24189255812226|en
24189255812426|es
24189255812426|en
26388279067248|ur
26388279067248|ta
26388279067248|en
26388279067924|zh
26388279067924|en
30786325578935|ar
30786325578935|en
32985348834794|en
32985348834794|tl
344|ru
344|en
2199023255987|zh
2199023255987|en
4398046512492|es
4398046512492|en
17592186045594|ta
17592186045594|as
17592186045594|en
19791209301496|or
19791209301496|te
19791209301496|en
21990232556463|ro
21990232556463|en
28587302322974|zh
28587302322974|en
28587302323783|en
28587302323783|nl
30786325578914|fr
30786325578914|en
32985348834036|nl
32985348834036|en
471|hr
471|cs
471|en
2199023255871|nl
2199023255871|en
2199023256744|ru
2199023256744|kk
2199023256744|en
6597069767347|hi
6597069767347|as
6597069767347|en
8796093022728|nl
8796093022728|en
13194139534451|es
13194139534451|ca
13194139534451|en
15393162790474|zh
15393162790474|en
17592186045028|mr
17592186045028|hi
17592186045028|en
17592186045864|vi
17592186045864|zh
17592186045864|en
19791209299968|te
19791209299968|ur
19791209299968|en
21990232556614|ru
21990232556614|pl
21990232556614|en
24189255812535|sl
24189255812535|sh
24189255812535|en
28587302322824|ja
28587302322824|en
28587302323139|cs
28587302323139|en
28587302323141|es
28587302323141|en
28587302323238|en
32985348834066|cs
32985348834066|sk
32985348834066|en
941|en
941|nl
4398046511426|en
4398046511426|ur
6597069767348|es
6597069767348|en
15393162789346|es
15393162789346|en
19791209300562|ar
19791209300562|fr
19791209300562|en
19791209300921|nl
19791209300921|en
19791209301505|en
24189255811326|pt
24189255811326|en
26388279067441|ar
26388279067441|en
28587302322676|es
28587302322676|en
30786325578629|pt
30786325578629|en
30786325579091|ru
30786325579091|en
32985348834768|ta
32985348834768|as
32985348834768|en
290|ur
290|sd
290|en
2199023255949|ar
2199023255949|fr
2199023255949|en
6597069767904|nl
6597069767904|en
6597069768334|zh
6597069768334|en
8796093023851|fr
8796093023851|en
10995116278796|ja
10995116278796|en
10995116278912|ru
10995116278912|en
13194139533440|bn
13194139533440|ur
13194139533440|en
13194139534913|uk
13194139534913|ro
13194139534913|en
15393162790476|gu
15393162790476|ur
15393162790476|en
21990232556302|en
21990232556302|es
24189255811638|to
24189255811638|ny
24189255811638|en
26388279066885|ru
26388279066885|en
28587302322537|vi
28587302322537|zh
28587302322537|en
32985348834570|pl
32985348834570|en
1644|fr
1644|en
6597069766914|ru
6597069766914|en
6597069767635|fr
6597069767635|ln
6597069767635|en
6597069767668|ro
6597069767668|en
26388279067760|de
26388279067760|en
30786325578600|en
30786325578600|ar
30786325578755|sk
30786325578755|en
32985348833434|ro
32985348833434|en
32985348833702|ja
32985348833702|en
4398046511747|zh
4398046511747|en
4398046511941|or
4398046511941|gu
4398046511941|en
6597069766711|es
6597069766711|en
6597069767341|ro
6597069767341|en
6597069768034|bn
6597069768034|ta
6597069768034|en
8796093022975|ar
8796093022975|en
10995116278228|en
10995116278228|th
17592186045803|ro
17592186045803|hu
17592186045803|en
17592186046083|fr
17592186046083|wo
17592186046083|en
19791209301522|zh
19791209301522|en
21990232556837|zh
21990232556837|en
24189255812295|es
24189255812295|en
26388279067331|zh
26388279067331|en
30786325578963|ru
30786325578963|en
32985348833834|en
32985348833834|af
32985348834678|zh
32985348834678|en
32985348834886|si
32985348834886|ta
32985348834886|en
974|de
974|en
2199023255725|zh
2199023255725|en
4398046511246|as
4398046511246|ta
4398046511246|en
6597069767375|es
6597069767375|de
6597069767375|en
6597069768004|es
6597069768004|en
6597069768320|ko
6597069768320|en
8796093022412|de
8796093022412|en
10995116279349|ar
10995116279349|en
15393162789624|en
15393162789624|nl
21990232556760|zh
21990232556760|ta
21990232556760|en
21990232557068|es
21990232557068|en
24189255811079|zh
24189255811079|en
26388279067868|en
28587302322487|fr
28587302322487|en
30786325578737|en
30786325579189|zh
30786325579189|en
30786325579399|vi
30786325579399|en
32985348833660|uk
32985348833660|ro
32985348833660|en
788|vi
788|zh
788|en
2199023256634|tr
2199023256634|ku
2199023256634|en
4398046512142|zh
4398046512142|en
6597069767887|fr
6597069767887|ln
6597069767887|en
6597069768056|bn
6597069768056|te
6597069768056|en
8796093022946|vi
8796093022946|fr
8796093022946|en
17592186044943|es
17592186044943|de
17592186044943|en
17592186045645|en
19791209300199|ur
19791209300199|sd
19791209300199|en
21990232555571|ru
21990232555571|kk
21990232555571|en
21990232555686|ru
21990232555686|pl
21990232555686|en
21990232556206|en
21990232556992|ml
21990232556992|te
21990232556992|en
24189255811671|ro
24189255811671|hu
24189255811671|en
28587302322524|en
28587302322854|en
32985348833438|en
32985348833979|sl
32985348833979|sh
32985348833979|en
32985348834576|en
1419|es
1419|en
8796093022435|zh
8796093022435|en
17592186046110|es
17592186046110|en
19791209301112|es
19791209301112|en
26388279067527|es
26388279067527|en
32985348834334|pt
32985348834334|en
32985348834723|it
32985348834723|en
35184372090183|en
709|en
709|tl
2199023255887|sv
2199023255887|fi
2199023255887|en
2199023257135|fr
2199023257135|en
2199023257239|ru
2199023257239|en
4398046511145|gu
4398046511145|mr
4398046511145|en
6597069766998|es
6597069766998|gl
6597069766998|en
6597069767400|es
6597069767400|fr
6597069767400|en
13194139533500|de
13194139533500|en
15393162788911|ta
15393162788911|si
15393162788911|en
15393162789077|pt
15393162789077|en
19791209301592|pl
19791209301592|en
24189255811573|sv
24189255811573|en
26388279067426|ru
26388279067426|en
26388279067479|ja
26388279067479|en
28587302323373|vi
28587302323373|en
30786325578320|ar
30786325578320|fr
30786325578320|en
583|zh
583|en
609|as
609|ta
609|en
2199023255940|bn
2199023255940|ur
2199023255940|en
4398046512486|en
8796093022821|es
8796093022821|en
10995116278976|nl
10995116278976|en
10995116279236|pl
10995116279236|en
13194139533927|zh
13194139533927|en
13194139534915|zh
13194139534915|en
15393162789090|vi
15393162789090|fr
15393162789090|en
15393162789575|vi
15393162789575|zh
15393162789575|en
17592186045078|ar
17592186045078|en
19791209301217|ar
19791209301217|en
26388279067159|en
26388279067562|gu
26388279067562|hi
26388279067562|en
28587302323268|bn
28587302323268|or
28587302323268|en
30786325578441|en
2199023256351|zh
2199023256351|en
4398046511185|es
4398046511185|en
4398046512441|pt
4398046512441|en
10995116278925|ja
10995116278925|en
13194139533588|fr
13194139533588|en
13194139534548|zh
13194139534548|en
15393162790438|en
15393162790462|bn
15393162790462|en
17592186045280|uk
17592186045280|pl
17592186045280|en
19791209301102|zh
19791209301102|en
21990232555771|ru
21990232555771|en
21990232556263|fr
21990232556263|eu
21990232556263|en
26388279067862|fa
26388279067862|ar
26388279067862|en
30786325578075|zh
30786325578075|en
30786325578932|ru
30786325578932|uk
30786325578932|en
32985348834655|es
32985348834655|en
4398046511241|es
4398046511241|de
4398046511241|en
4398046511592|es
4398046511592|en
6597069767274|ur
6597069767274|te
6597069767274|en
6597069767432|ml
6597069767432|mr
6597069767432|en
8796093022449|de
8796093022449|en
13194139534161|fr
13194139534161|en
17592186045408|en
17592186045408|ur
19791209300634|en
19791209300634|sd
21990232555524|en
21990232555524|cy
21990232555958|my
21990232555958|en
21990232556707|si
21990232556707|ta
21990232556707|en
26388279067581|bg
26388279067581|en
28587302322870|ru
28587302322870|en
30786325577977|ru
30786325577977|en
30786325578245|en
30786325579401|nl
30786325579401|en
32985348833533|de
32985348833533|en
32985348834423|pt
32985348834423|en
32985348834483|fr
32985348834483|co
32985348834483|en
2199023255562|de
2199023255562|en
4398046511672|en
4398046511672|zh
8796093023470|es
8796093023470|en
13194139533606|gu
13194139533606|or
13194139533606|en
15393162789084|fr
15393162789084|eu
15393162789084|en
15393162789204|ml
15393162789204|hi
15393162789204|en
21990232556252|en
21990232556376|te
21990232556376|ur
21990232556376|en
24189255812653|jv
24189255812653|en
26388279067923|ru
26388279067923|uk
26388279067923|en
32985348833329|mr
32985348833329|ta
32985348833329|en
443|fr
443|en
2199023255688|ru
2199023255688|en
2199023256849|cs
2199023256849|sk
2199023256849|en
13194139533482|pt
13194139533482|en
17592186044439|en
17592186045497|ja
17592186045497|en
19791209300504|ta
19791209300504|si
19791209300504|en
21990232556429|de
21990232556429|en
21990232556761|zh
21990232556761|en
24189255811171|zh
24189255811171|en
24189255812001|es
24189255812001|en
24189255812047|tk
24189255812047|en
26388279068177|es
26388279068177|en
26388279068220|zh
26388279068220|en
28587302323136|ru
28587302323136|en
30786325577784|sk
30786325577784|en
30786325578911|ne
30786325578911|en
30786325579297|as
30786325579297|or
30786325579297|en
2199023256524|ru
2199023256524|en
6597069766720|es
6597069766720|en
10995116278525|zh
10995116278525|en
15393162788989|en
15393162790223|sv
15393162790223|fi
15393162790223|en
19791209300317|fr
19791209300317|en
24189255811277|zh
24189255811277|en
24189255812660|te
24189255812660|kn
24189255812660|en
26388279067108|es
26388279067108|en
26388279067637|zh
26388279067637|en
28587302322530|zh
28587302322530|it
28587302322530|en
28587302322548|ru
28587302322548|en
28587302323345|vi
28587302323345|fr
28587302323345|en
32985348833478|en
32985348833478|tl
32985348833670|nl
32985348833670|en
683|pt
683|en
2199023256776|ta
2199023256776|gu
2199023256776|en
4398046511180|en
4398046512001|zh
4398046512001|en
6597069766850|mg
6597069766850|en
6597069767729|ur
6597069767729|en
8796093023237|en
8796093023668|kn
8796093023668|mr
8796093023668|en
10995116278236|zh
10995116278236|en
10995116278308|af
10995116278308|en
13194139534270|as
13194139534270|gu
13194139534270|en
17592186045573|or
17592186045573|kn
17592186045573|en
21990232556847|nl
21990232556847|en
26388279067378|ur
26388279067378|ml
26388279067378|en
28587302323701|en
28587302323701|tl
28587302323855|ru
28587302323855|en
30786325578608|en
30786325578608|sd
30786325578896|zh
30786325578896|en
4398046512494|ja
4398046512494|en
8796093023234|vi
8796093023234|en
10995116278223|fr
10995116278223|en
10995116278835|zh
10995116278835|en
10995116279118|de
10995116279118|en
15393162789859|zh
15393162789859|en
17592186045229|en
19791209300454|ne
19791209300454|en
19791209301312|it
19791209301312|vi
19791209301312|en
21990232556903|zh
21990232556903|en
24189255811663|my
24189255811663|en
32985348833404|zh
32985348833404|en
96|zh
96|en
2199023256280|ur
2199023256280|as
2199023256280|en
8796093022970|bn
8796093022970|ml
8796093022970|en
13194139533469|zh
13194139533469|en
13194139534229|ny
13194139534229|to
13194139534229|en
15393162789111|lt
15393162789111|pl
15393162789111|en
17592186045261|cs
17592186045261|en
19791209300091|ay
19791209300091|es
19791209300091|en
19791209301600|ml
19791209301600|en
21990232556916|or
21990232556916|te
21990232556916|en
21990232557037|fr
21990232557037|en
26388279067796|ru
26388279067796|en
28587302322552|as
28587302322552|kn
28587302322552|en
30786325578215|de
30786325578215|en
870|en
932|pt
932|en
1077|nl
1077|en
1521|zh
1521|en
2199023256154|en
2199023256862|ja
2199023256862|en
2199023257143|hu
2199023257143|en
4398046511367|bn
4398046511367|or
4398046511367|en
4398046512696|jv
4398046512696|en
6597069767831|en
6597069768240|as
6597069768240|ta
6597069768240|en
10995116279093|vi
10995116279093|en
13194139533725|tr
13194139533725|ku
13194139533725|en
15393162789907|de
15393162789907|en
19791209300775|en
19791209300775|es
21990232556381|en
24189255811481|as
24189255811481|ml
24189255811481|en
28587302323823|pt
28587302323823|en
32985348833467|nl
32985348833467|jv
32985348833467|en
32985348834796|en
32985348834796|tl
296|en
2199023256219|sv
2199023256219|en
2199023256872|cs
2199023256872|sk
2199023256872|en
2199023257187|ay
2199023257187|en
4398046511177|zh
4398046511177|en
8796093022995|es
8796093022995|en
10995116278496|mg
10995116278496|fr
10995116278496|en
10995116279287|ja
10995116279287|en
13194139533493|cs
13194139533493|en
13194139534143|or
13194139534143|hi
13194139534143|en
15393162790403|es
15393162790403|en
15393162790406|ta
15393162790406|mr
15393162790406|en
17592186044737|zh
17592186044737|en
17592186045165|ru
17592186045165|en
19791209300579|pl
19791209300579|en
21990232555794|es
21990232555794|en
21990232556018|or
21990232556018|bn
21990232556018|en
21990232556990|zh
21990232556990|en
26388279067442|zh
26388279067442|en
28587302323213|de
28587302323213|en
30786325577905|es
30786325577905|en
30786325578329|mr
30786325578329|ur
30786325578329|en
30786325578887|pt
30786325578887|en
32985348833378|gu
32985348833378|or
32985348833378|en
32985348833975|ur
32985348833975|kn
32985348833975|en
768|my
768|en
2199023255798|en
2199023255798|fr
8796093023346|ay
8796093023346|qu
8796093023346|en
8796093023550|fr
8796093023550|en
10995116278625|cs
10995116278625|en
15393162788866|jv
15393162788866|en
21990232556528|mr
21990232556528|ml
21990232556528|en
24189255812556|bn
24189255812556|ur
24189255812556|en
26388279067054|es
26388279067054|en
345|sk
345|en
2199023255898|af
2199023255898|en
4398046512397|as
4398046512397|te
4398046512397|en
6597069767242|ar
6597069767242|en
8796093023738|zh
8796093023738|en
8796093023825|en
10995116278336|be
10995116278336|ru
10995116278336|en
10995116278412|zh
10995116278412|en
10995116279075|ru
10995116279075|en
10995116279273|vi
10995116279273|en
15393162789815|en
17592186044729|ru
17592186044729|en
17592186044994|zh
17592186044994|en
17592186045212|bn
17592186045212|ta
17592186045212|en
26388279066948|en
26388279066948|fr
26388279068083|zh
26388279068083|en
28587302323385|kn
28587302323385|te
28587302323385|en
30786325578760|bn
30786325578760|gu
30786325578760|en
35184372089449|sv
35184372089449|en
1259|lo
1259|fr
1259|en
2199023255952|en
2199023255952|fr
2199023256008|gu
2199023256008|ta
2199023256008|en
2199023257044|es
2199023257044|en
6597069767674|te
6597069767674|gu
6597069767674|en
8796093023655|en
8796093023655|es
8796093023884|zh
8796093023884|en
10995116277846|es
10995116277846|en
15393162790043|de
15393162790043|en
15393162790151|ne
15393162790151|en
17592186044808|te
17592186044808|ta
17592186044808|en
17592186044865|en
19791209301153|zh
19791209301153|en
19791209301298|ar
19791209301298|en
24189255811211|en
24189255811211|af
28587302322837|fr
28587302322837|en
28587302323276|en
28587302323276|ur
32985348834407|ur
32985348834407|sd
32985348834407|en
32985348834585|tr
32985348834585|en
2199023255821|en
2199023255821|jv
4398046511322|en
4398046511322|es
6597069767732|en
6597069767732|es
10995116278627|ta
10995116278627|si
10995116278627|en
15393162789076|uk
15393162789076|pl
15393162789076|en
19791209301121|fr
19791209301121|en
19791209301139|zh
19791209301139|en
21990232556787|de
21990232556787|en
24189255811116|ru
24189255811116|en
26388279067685|zh
26388279067685|en
28587302322597|es
28587302322597|en
28587302322946|bn
28587302322946|te
28587302322946|en
30786325579179|zh
30786325579179|en
32985348834922|te
32985348834922|kn
32985348834922|en
2199023256816|ur
2199023256816|kn
2199023256816|en
4398046511904|ru
4398046511904|en
6597069767149|zh
6597069767149|en
6597069767679|fr
6597069767679|wo
6597069767679|en
6597069767836|pt
6597069767836|en
8796093023107|en
8796093023107|ny
8796093023561|ru
8796093023561|en
10995116278436|es
10995116278436|en
10995116278874|kn
10995116278874|bn
10995116278874|en
19791209300153|es
19791209300153|en
19791209300771|kn
19791209300771|ml
19791209300771|en
19791209301354|lt
19791209301354|ru
19791209301354|en
24189255811240|fa
24189255811240|en
24189255811953|tr
24189255811953|ku
24189255811953|en
26388279066654|sv
26388279066654|fi
26388279066654|en
30786325578370|de
30786325578370|en
30786325579117|zh
30786325579117|en
32985348833796|mg
32985348833796|en
959|ko
959|en
2199023256418|zh
2199023256418|en
2199023256586|es
2199023256586|en
4398046511332|ar
4398046511332|en
6597069767301|vi
6597069767301|en
6597069767359|zh
6597069767359|en
6597069767457|en
8796093022668|de
8796093022668|en
19791209300828|kn
19791209300828|te
19791209300828|en
19791209301329|zh
19791209301329|en
21990232556642|ja
21990232556642|en
21990232556891|en
21990232556891|es
24189255811140|en
24189255811140|ur
28587302322743|vi
28587302322743|zh
28587302322743|en
2199023256125|ko
2199023256125|en
4398046511736|zh
4398046511736|en
10995116279283|ta
10995116279283|te
10995116279283|en
13194139533784|ml
13194139533784|ta
13194139533784|en
13194139534430|bn
13194139534430|ta
13194139534430|en
15393162789687|es
15393162789687|en
15393162789769|kn
15393162789769|hi
15393162789769|en
15393162790275|pt
15393162790275|en
17592186045238|ro
17592186045238|hu
17592186045238|en
19791209300404|zh
19791209300404|en
26388279066928|or
26388279066928|ta
26388279066928|en
32985348834605|zh
32985348834605|en
32985348834879|es
32985348834879|en
2199023256264|vi
2199023256264|zh
2199023256264|en
4398046511442|jv
4398046511442|en
4398046511753|pt
4398046511753|en
6597069767571|en
8796093023017|de
8796093023017|en
8796093023094|zh
8796093023094|en
13194139533770|pt
13194139533770|en
13194139534724|te
13194139534724|ta
13194139534724|en
15393162790430|kn
15393162790430|ml
15393162790430|en
17592186045044|en
17592186045044|nl
21990232555803|es
21990232555803|en
21990232556500|en
21990232556500|tl
24189255812419|jv
24189255812419|nl
24189255812419|en
26388279067003|zh
26388279067003|en
28587302323229|ja
28587302323229|en
32985348833798|cs
32985348833798|en
6597069766993|nl
6597069766993|en
6597069767407|zh
6597069767407|en
6597069767884|ar
6597069767884|en
6597069768060|fr
6597069768060|en
10995116278353|de
10995116278353|en
10995116279298|hi
10995116279298|ml
10995116279298|en
13194139534770|zh
13194139534770|en
17592186045405|zh
17592186045405|en
19791209300190|ur
19791209300190|sd
19791209300190|en
19791209301664|zh
19791209301664|en
21990232556441|en
21990232556833|en
26388279066795|te
26388279066795|or
26388279066795|en
26388279068235|es
26388279068235|en
28587302323858|en
28587302323858|fr
30786325579180|zh
30786325579180|en
32985348833505|pl
32985348833505|en
998|es
998|de
998|en
6597069768275|uz
6597069768275|tk
6597069768275|en
8796093022727|ur
8796093022727|en
10995116278224|ay
10995116278224|es
10995116278224|en
15393162790300|uz
15393162790300|en
17592186044592|it
17592186044592|fr
17592186044592|en
19791209301538|en
19791209301538|ar
26388279067574|en
26388279067574|af
30786325578640|my
30786325578640|en
32985348833676|zh
32985348833676|en
32985348834373|vi
32985348834373|en
150|es
150|en
702|es
702|en
2199023256310|te
2199023256310|ta
2199023256310|en
4398046511257|fr
4398046511257|wo
4398046511257|en
4398046512244|es
4398046512244|en
4398046512662|de
4398046512662|nl
4398046512662|en
6597069766719|de
6597069766719|en
6597069767851|es
6597069767851|en
10995116278210|vi
10995116278210|zh
10995116278210|en
15393162789655|fr
15393162789655|en
15393162790167|th
15393162790167|pa
15393162790167|en
17592186045047|sv
17592186045047|fi
17592186045047|en
17592186045085|te
17592186045085|zh
17592186045085|en
17592186045578|jv
17592186045578|en
19791209300572|zh
19791209300572|en
19791209300874|mg
19791209300874|en
19791209301543|en
21990232555650|es
21990232555650|en
26388279066830|tr
26388279066830|en
26388279067561|es
26388279067561|en
26388279067910|ru
26388279067910|en
26388279068034|bn
26388279068034|en
26388279068113|en
28587302322939|my
28587302322939|en
30786325577964|es
30786325577964|en
32985348833673|ur
32985348833673|en
32985348833854|ar
32985348833854|zh
32985348833854|en
32985348834375|de
32985348834375|en
2199023257240|th
2199023257240|en
10995116277788|sv
10995116277788|en
10995116278286|zh
10995116278286|en
10995116279390|hi
10995116279390|te
10995116279390|en
13194139533439|ja
13194139533439|en
15393162789417|vi
15393162789417|fr
15393162789417|en
15393162790168|tg
15393162790168|ru
15393162790168|en
17592186044862|en
17592186045792|ja
17592186045792|en
19791209301554|pt
19791209301554|en
21990232556650|gu
21990232556650|kn
21990232556650|en
26388279067625|vi
26388279067625|fr
26388279067625|en
28587302323430|hu
28587302323430|en
28587302323682|en
28587302323682|tl
687|or
687|en
4398046512303|as
4398046512303|kn
4398046512303|en
8796093022369|mr
8796093022369|ta
8796093022369|en
17592186045549|de
17592186045549|en
19791209300159|en
19791209300159|tl
19791209300639|fr
19791209300639|nl
19791209300639|en
24189255812246|zh
24189255812246|en
26388279066662|es
26388279066662|en
28587302323175|ar
28587302323175|en
28587302323283|hi
28587302323283|kn
28587302323283|en
32985348833794|ar
32985348833794|en
32985348834100|pt
32985348834100|en
